{"characters":[{"height":5.0,"id":18302621359660990464,"l":{"x":-2.5,"y":2.5},"last_direction":-1,"last_shot_time":-6.107180579129144e+36,"r":{"x":2.5,"y":-2.5},"size":50,"width":5.0,"x":0.0,"y":0.0},{"height":5.0,"id":139637919254120,"l":{"x":-2.5,"y":2.5},"last_direction":-1,"last_shot_time":-7.378314683206801e+36,"r":{"x":2.5,"y":-2.5},"size":50,"width":5.0,"x":0.0,"y":0.0}],"monsters":[{"center_x":-15.0,"center_y":10.0,"height":5.0,"id":140721185112464,"l":{"x":-17.5,"y":12.5},"r":{"x":-12.5,"y":7.5},"size":50,"width":5.0,"x":-10.0,"y":10.0},{"center_x":15.0,"center_y":15.0,"height":5.0,"id":139637919154792,"l":{"x":12.5,"y":17.5},"r":{"x":17.5,"y":12.5},"size":50,"width":5.0,"x":20.0,"y":15.0}],"projectiles":[],"scenery":[{"height":5.0,"l":{"x":7.5,"y":12.5},"r":{"x":12.5,"y":7.5},"size":50,"type":1,"width":5.0,"x":10.0,"y":10.0},{"height":5.0,"l":{"x":-12.5,"y":-7.5},"r":{"x":-7.5,"y":-12.5},"size":50,"type":1,"width":5.0,"x":-10.0,"y":-10.0}],"time":{"time_elapsed":4.0099968910217285}}