{"characters":[{"height":5.0,"id":281470681751424,"l":{"x":-2.5,"y":2.5},"last_direction":-1,"last_shot_time":3.3939761570670307e-31,"r":{"x":2.5,"y":-2.5},"size":50,"width":5.0,"x":0.0,"y":0.0},{"height":5.0,"id":281470681751424,"l":{"x":-2.5,"y":2.5},"last_direction":-1,"last_shot_time":0.0,"r":{"x":2.5,"y":-2.5},"size":50,"width":5.0,"x":0.0,"y":0.0}],"monsters":[{"center_x":-15.0,"center_y":10.0,"height":5.0,"id":0,"l":{"x":-17.5,"y":12.5},"r":{"x":-12.5,"y":7.5},"size":50,"width":5.0,"x":-10.244710922241211,"y":10.0},{"center_x":15.0,"center_y":15.0,"height":5.0,"id":7958549270171247223,"l":{"x":12.5,"y":17.5},"r":{"x":17.5,"y":12.5},"size":50,"width":5.0,"x":19.75528907775879,"y":15.0}],"projectiles":[],"scenery":[{"height":5.0,"l":{"x":7.5,"y":12.5},"r":{"x":12.5,"y":7.5},"size":50,"type":1,"width":5.0,"x":10.0,"y":10.0},{"height":5.0,"l":{"x":-12.5,"y":-7.5},"r":{"x":-7.5,"y":-12.5},"size":50,"type":1,"width":5.0,"x":-10.0,"y":-10.0}],"time":{"time_elapsed":1.0599993467330933}}