{"characters":[{"height":5.0,"id":18341314185307226112,"l":{"x":-2.5,"y":2.5},"last_direction":-1,"last_shot_time":-3.26097069773823e-05,"r":{"x":2.5,"y":-2.5},"size":50,"width":5.0,"x":0.0,"y":0.0},{"height":5.0,"id":139933122086504,"l":{"x":-2.5,"y":2.5},"last_direction":-1,"last_shot_time":-3.9905658923089504e-05,"r":{"x":2.5,"y":-2.5},"size":50,"width":5.0,"x":0.0,"y":0.0}],"monsters":[{"center_x":-15.0,"center_y":10.0,"height":5.0,"id":140724915698944,"l":{"x":-17.5,"y":12.5},"r":{"x":-12.5,"y":7.5},"size":50,"width":5.0,"x":-13.756525993347168,"y":10.0},{"center_x":15.0,"center_y":15.0,"height":5.0,"id":139933121987176,"l":{"x":12.5,"y":17.5},"r":{"x":17.5,"y":12.5},"size":50,"width":5.0,"x":16.243473052978516,"y":15.0}],"projectiles":[],"scenery":[{"height":5.0,"l":{"x":7.5,"y":12.5},"r":{"x":12.5,"y":7.5},"size":50,"type":1,"width":5.0,"x":10.0,"y":10.0},{"height":5.0,"l":{"x":-12.5,"y":-7.5},"r":{"x":-7.5,"y":-12.5},"size":50,"type":1,"width":5.0,"x":-10.0,"y":-10.0}],"time":{"time_elapsed":1.2199991941452026}}